ID,pheno
1,1.66569784309331
2,1.31538783676866
3,0.558080836768661
4,0.262240069555986
5,1.40868384309331
6,1.51713567353732
7,1.08029283676866
8,-0.247056830444014
9,1.78267
10,0.329198836768661
11,-0.422766163231339
12,0.650324673537323
13,1.07943116955599
14,-0.311211163231339
15,-0.70456
16,1.48518783676866
17,0.0271248367686614
18,-0.794663163231339
19,-0.340110163231339
20,0.487785106324647
21,-1.07904
22,-2.33462
23,0.303314836768661
24,0.716736
25,-1.66493
26,-1.09262
27,-0.413351
28,2.19503
29,-1.60746432646268
30,-0.947632163231339
31,-0.301181830444015
32,-0.458481
33,-0.518891
34,0.763271836768661
35,-1.79405216323134
36,2.09276783676866
37,-0.867292163231338
38,-0.910212163231339
39,1.55679000632465
40,-1.18783
41,0.579657836768661
42,1.56158000632465
43,0.939154836768661
44,-0.759517830444014
45,0.160078
46,2.15677567353732
47,-0.106703163231339
48,0.960307
49,1.95081216955599
50,-0.334514163231339
51,1.51278783676866
52,-0.141635
53,-0.325605163231339
54,0.0314758367686614
55,0.512526836768661
56,0.173155736768661
57,0.0157558367686614
58,-0.082692993675353
59,-0.680661830444014
60,1.17805783676866
61,0.447421836768661
62,-0.122444
63,-1.05375
64,0.657100836768661
65,0.428705
66,0.662230673537323
67,0.122418
68,-0.150971
69,0.320051836768661
70,0.296016
71,-0.767656163231339
72,-0.345312
73,-1.08794
74,0.571786406324647
75,-0.763587163231339
76,-0.548908163231339
77,0.989296006324647
78,-1.18558
79,0.50807
80,-0.997262163231339
81,0.597422673537323
82,1.23505783676866
83,-1.50164216323134
84,1.41012783676866
85,1.55079783676866
86,-0.262774
87,0.293152036768661
88,-1.23469
89,0.168291006324647
90,0.976658006324647
91,-0.7741
92,-0.162195156906692
93,0.735458836768661
94,2.66810216955599
95,0.320247836768661
96,0.343040836768661
97,-1.14959
98,0.0992605
99,0.559496836768661
100,0.513548673537323
101,-0.506844326462677
102,0.671885043093308
103,0.757425006324647
104,0.268654036768661
105,0.658987
106,-1.10071
107,0.793838836768661
108,1.36560667353732
109,0.109660169555986
110,-0.914262
111,1.54123783676866
112,0.507884836768661
113,-0.00661916323133863
114,-0.473522163231339
115,-1.10717
116,1.86040567353732
117,-0.695824326462677
118,0.866982836768661
119,-0.813914326462677
120,0.429934836768661
121,0.775627
122,-0.935522163231339
123,-1.88896216323134
124,-0.433232
125,-0.123355163231339
126,2.38115783676866
127,0.66133
128,0.816571836768661
129,-0.383396
130,-0.45047
131,-2.23734216323134
132,0.367462836768661
133,-0.116483830444014
134,0.458576006324647
135,1.73081567353732
136,0.962085006324647
137,-0.374740163231339
138,-0.507249993675353
139,0.281031339111971
140,-0.00730616323133862
141,0.808514
142,-1.52552
143,2.25627783676866
144,1.19722267353732
145,0.831365836768661
146,-1.54016216323134
147,0.637991673537323
148,-0.826082163231339
149,0.487451836768661
150,0.407794006324647
151,-1.95172216323134
152,-1.33565783044401
153,0.022998006324647
154,-0.0142711632313386
155,0.619902
156,0.178522
157,-0.573080163231339
158,-0.113249
159,-0.108461163231339
160,1.35541284309331
161,-0.767004326462677
162,1.14241183676866
163,-0.174958163231339
164,-0.640405
165,0.573493836768661
166,1.15363
167,-0.108904163231339
168,-0.890392163231339
169,0.411978836768661
170,0.973112836768662
171,-0.842152163231339
172,0.0743218430933083
173,-0.0650803264626773
174,1.25152667353732
175,-1.08906
176,-0.848741
177,-0.407598163231339
178,-1.08965783044401
179,0.581210836768661
180,0.878652836768661
181,1.11324600632465
182,1.20482
183,1.69315684309331
184,-0.783839
185,1.97271433911197
186,-0.00761316323133862
187,0.386310836768661
188,0.664943
189,0.212038
190,-0.481931
191,1.05759883676866
192,1.10343283676866
193,-1.23600216323134
194,1.30201867353732
195,0.474904373537323
196,-0.0629111632313386
197,0.420596169555986
198,-0.601873830444014
199,-1.59498432646268
200,0.680024
201,-0.160903
202,-0.689958163231339
203,-0.189841
204,-0.144492326462677
205,0.550447836768661
206,0.814466006324647
207,-0.914702163231339
208,0.0213578367686614
209,0.648955
210,1.81799784309331
211,1.06628
212,0.783792836768661
213,0.433704906324647
214,-0.417901326462677
215,-0.586217326462677
216,1.08022083676866
217,0.642754836768661
218,0.526855012649294
219,0.672790836768661
220,0.55568
221,0.476073
222,0.815630836768662
223,0.513739
224,2.06786000632465
225,-0.309511163231339
226,1.04800083676866
227,1.57037000632465
228,0.661924673537323
229,0.0289257
230,0.0821061695559856
231,-1.27227
232,0.215715336768661
233,-0.392177163231339
234,0.671756
235,1.80294783676866
236,0.133012169555986
237,-0.671468163231339
238,0.545520836768661
239,0.259039536768661
240,2.30562784309331
241,-1.27200216323134
242,-0.0628471632313386
243,0.756371
244,1.47578817588063
245,-0.327771326462677
246,-0.297478
247,-1.67026
248,-0.0584128304440144
249,0.040358
250,-0.562537163231339
251,-1.41868432646268
252,-1.32454783044401
253,0.431187873537323
254,-0.811972163231339
255,-0.743729
256,0.382819836768661
257,1.08939283676866
258,-0.373456163231339
259,-0.191997
260,2.14273567353732
261,-0.00710085
262,1.15026183676866
263,0.750513836768661
264,0.198208673537323
265,0.154295673537323
266,0.199386746768661
267,0.900560836768661
268,-1.74109
269,2.90595
270,-1.14063216323134
271,1.22486916955599
272,2.01781783676866
273,0.193901176768661
274,0.190079169555986
275,-0.274659326462677
276,-0.794599993675353
277,0.648439836768661
278,-0.99984
279,2.14317783676866
280,0.234117936768661
281,0.0659138367686614
282,-0.443821326462677
283,0.601204169555986
284,-0.799782163231339
285,-1.37662216323134
286,-1.39161216323134
287,0.18352
288,-2.68609216323134
289,-1.87207216323134
290,-0.387946163231339
291,-0.804782163231339
292,2.44739783676866
293,-0.0893929
294,0.246337006324647
295,-0.591741163231339
296,1.10306767353732
297,-2.01780216323134
298,0.429650836768661
299,-2.01714783044401
300,-0.647248163231339
301,0.310393
302,1.31382967353732
303,1.60921
304,-1.12096
305,-0.143573163231339
306,-0.495029993675353
307,-1.32419
308,-0.101621156906692
309,1.44849783676866
310,1.66969216955599
311,1.26431784309331
312,-0.0724661632313386
313,-0.504233
314,0.704792343093308
315,-0.219602
316,-0.600313163231339
317,0.511737836768661
318,1.63819484309331
319,-0.860952163231339
320,1.02767767353732
321,0.861035
322,0.687864836768661
323,-2.17166
324,0.965188673537323
325,-1.00639
326,-0.269264993675353
327,-0.652935
328,0.11453
329,-0.836879
330,0.237915673537323
331,0.425392573537323
332,1.66120783676866
333,0.945952836768661
334,-0.0109138
335,-1.53764
336,-1.35606216323134
337,-0.602294326462677
338,1.05765783676866
339,-0.336935993675353
340,0.0735538
341,0.923675
342,-0.643065830444014
343,-0.742602156906692
344,1.34689783676866
345,-1.25427216323134
346,-0.247111
347,-0.534395
348,0.081591006324647
349,0.489256
350,1.20316300632465
351,0.450199836768661
352,1.70674
353,-0.056853993675353
354,2.50124783676866
355,0.718226
356,1.04048316955599
357,1.32707783676866
358,1.3051
359,0.400476213537323
360,1.35295
361,1.61071
362,1.46846783676866
363,0.261747006324647
364,0.714147836768662
365,1.31066267353732
366,-0.304216
367,1.58767567353732
368,-1.10535
369,-0.374380163231339
370,0.422514806324647
371,1.56306567353732
372,-0.343391
373,0.164589673537323
374,-1.18517216323134
375,0.566235836768661
376,0.955318
377,1.53235783676866
378,0.892624
379,0.423506836768661
380,1.16823883676866
381,0.656044836768661
382,0.337807
383,-0.0721701632313387
384,1.31676783676866
385,0.821794836768661
386,2.07558
387,-0.737780163231339
388,-2.01057783044401
389,-0.516412163231339
390,0.491238836768661
391,-0.000159326462677245
392,-0.169221163231339
393,1.29016783676866
394,-1.42968216323134
395,0.426125306324647
396,-0.461019
397,-0.543684163231339
398,-1.04886215690669
399,0.0982976735373227
400,1.37799216955599
401,0.554763
402,-0.298930830444014
403,2.02947
404,2.42514784309331
405,1.02722084309331
406,-0.304507163231339
407,-0.403462163231339
408,0.0560818367686614
409,0.424056843093308
410,-0.939524326462677
411,1.94922783676866
412,0.53017
413,-2.44388
414,-0.920903
415,0.547826836768661
416,-0.309575163231339
417,-0.282115
418,-0.325208326462677
419,1.13051167353732
420,-1.05004
421,-0.464898163231339
422,-0.375353
423,-0.492412163231339
424,1.94344567353732
425,0.268502
426,-0.603471163231339
427,-1.53724
428,1.21358783676866
429,2.2238
430,1.20841783676866
431,-0.0450251632313386
432,0.997929006324647
433,-1.41444
434,0.0305254
435,-0.264636163231339
436,-0.131430830444014
437,0.102502
438,0.615375836768661
439,0.620246
440,-0.262619993675353
441,2.49471783676866
442,-0.250712
443,0.924355836768661
444,-0.156972
445,-0.674561163231339
446,-1.34002216323134
447,-0.225367
448,0.682935
449,0.835594673537323
450,0.480506836768661
451,2.56068567353732
452,0.354934006324647
453,0.452575
454,-0.946172163231339
455,1.37087300632465
456,-0.466965660888029
457,-0.349555830444014
458,-1.11625
459,-2.30947
460,0.243772636768661
461,-1.39062216323134
462,0.354017843093308
463,-0.0235931632313386
464,1.45215
465,-0.887762163231339
466,1.43998783676866
467,0.396770836768661
468,-0.354344163231339
469,0.488602
470,1.38711067353732
471,-1.18634
472,-1.61611432646268
473,-1.0199
474,-0.998542163231339
475,-0.812414
476,0.474628836768661
477,0.867948006324647
478,0.0519526
479,0.885503006324647
480,0.443601
481,-1.34852999367535
482,0.42691
483,0.605744836768661
484,0.535246673537323
485,0.0208528367686614
486,2.98660784309331
487,0.847180836768662
488,-1.04635216323134
489,0.460914
490,0.919888836768661
491,0.816923836768661
492,1.02995783676866
493,0.0857306
494,1.15819583676866
495,-0.717594326462677
496,-0.266530163231339
497,2.26715000632465
498,-0.447996163231339
499,1.48403100632465
500,0.101431339111971
501,-0.317545163231339
502,0.177149673537323
503,0.144038
504,-0.290306326462677
505,0.00803767353732276
506,0.885855673537323
507,-0.944112156906692
508,-0.628818163231339
509,-1.37840216323134
510,0.0185748367686614
511,0.409554
512,-0.908032163231339
513,0.759597836768661
514,-0.1956
515,-0.845149993675353
516,0.783169673537323
517,1.09951
518,0.300789036768661
519,-2.30328216323134
520,0.229816
521,-0.985752163231339
522,-0.0413149936753531
523,-0.386249326462677
524,2.05268783676866
525,-2.04401999367535
526,-0.583423
527,1.27025067353732
528,-0.735358
529,-0.791414326462677
530,1.89250000632465
531,0.162809036768661
532,0.553215836768661
533,-0.711719163231339
534,0.561015836768661
535,0.241526
536,0.218760673537323
537,-1.71952
538,1.06829
539,1.72083567353732
540,-0.338902156906692
541,1.03931067353732
542,-0.790759163231339
543,0.0964198367686614
544,2.53340783676866
545,0.371753
546,0.549286836768661
547,1.53996783676866
548,0.619149836768662
549,-0.938812163231339
550,-0.761803163231339
551,0.0166346735373227
552,0.701931169555986
553,0.00551963
554,-0.997462163231339
555,1.03895283676866
556,-1.46497216323134
557,1.13085
558,0.470735
559,-0.237604163231339
560,0.144060636768661
561,0.976210836768661
562,-0.176391
563,0.115481236768661
564,0.394089836768661
565,-0.175138326462677
566,0.993987
567,-0.487591163231339
568,0.146152673537323
569,0.240098336768661
570,-0.123642163231339
571,-0.240830326462677
572,2.52867783676866
573,-0.721474163231339
574,0.0908468367686614
575,-0.519264163231339
576,-1.02113
577,0.0820728367686614
578,-0.250307163231339
579,-0.840172163231339
580,-0.400089163231339
581,-0.0835418
582,0.995864673537323
583,1.17575883676866
584,0.728279169555986
585,-1.20676
586,0.678273
587,0.763564836768661
588,0.596593836768661
589,3.48320567353732
590,-0.955114
591,-1.13904216323134
592,2.10385216955599
593,2.05526000632465
594,0.394352273537323
595,1.77838783676866
596,-0.270196326462677
597,0.369617973537323
598,-1.22413216323134
599,-1.26276999367535
600,-0.927624
601,1.62389783676866
602,-0.893667830444014
603,0.703517836768661
604,-0.246961163231339
605,0.495145
606,0.514424836768661
607,-1.68863216323134
608,-0.176459
609,1.79134783676866
610,1.16347016955599
611,0.632472836768661
612,-0.216819326462677
613,-0.480310163231339
614,0.535769836768662
615,-1.73899216323134
616,0.148858036768661
617,0.501893706324647
618,-1.07252216323134
619,-0.164957
620,1.49225
621,-0.643664326462677
622,0.730318169555986
623,1.77298567353732
624,-1.45026
625,0.527361673537323
626,-0.832369993675353
627,-1.09716216323134
628,0.363598
629,-0.525153326462677
630,2.03909216955599
631,2.49497783676866
632,0.312064836768661
633,-0.163037326462677
634,-0.844012163231339
635,-0.929564326462677
636,-1.02805
637,0.291782636768661
638,-1.02363
639,0.576193836768661
640,0.111326169555986
641,0.454893836768661
642,0.325541836768661
643,0.882050836768661
644,1.98360000632465
645,0.0395276735373227
646,-0.930174
647,-1.26868216323134
648,1.40158783676866
649,-0.650154163231339
650,0.949522
651,-0.866462163231339
652,0.105716339111971
653,0.615209836768661
654,2.55711216955599
655,-0.322237993675353
656,-1.05324216323134
657,-0.261251163231339
658,1.07017
659,-0.307279163231339
660,0.283464936768661
661,1.15283383676866
662,0.000592362
663,0.421662
664,0.500538836768661
665,1.33338783676866
666,0.567756
667,0.722621836768662
668,1.18831983676866
669,-0.396284
670,0.975382836768661
671,0.528125
672,-0.0749391632313386
673,2.06604567353732
674,-0.647406163231339
675,0.217975936768661
676,-0.0510851632313386
677,0.489229306324647
678,-0.695652
679,0.750130836768661
680,-0.445475163231339
681,-0.604500163231339
682,1.04256383676866
683,0.437229836768661
684,-0.214563163231339
685,0.412959169555986
686,1.80338567353732
687,-1.70508
688,1.71110567353732
689,0.406036
690,1.99656783676866
691,-0.320952
692,-0.723944
693,-0.355067163231339
694,1.60419567353732
695,1.09931583676866
696,1.71639783676866
697,0.690873006324647
698,0.374318836768661
699,-1.47752216323134
700,-1.47232
701,-0.940521
702,-0.710354326462677
703,-0.393718326462677
704,0.257369236768661
705,0.501943836768661
706,1.3858
707,0.584379206324647
708,0.598694106324647
709,-1.20150216323134
710,1.57322000632465
711,0.547656
712,1.13373783676866
713,0.315983836768661
714,0.638570836768661
715,-0.595520830444014
716,-0.146487
717,1.24901116955599
718,0.482723206324647
719,-0.338733
720,0.197228656768661
721,0.915476836768661
722,0.993547836768661
723,0.322170429555986
724,1.58612783676866
725,0.807848006324647
726,1.44149584309331
727,0.216824336768661
728,0.249736936768661
729,0.511902169555986
730,0.207961226768661
731,0.592399836768661
732,3.19485783676866
733,-0.994218
734,1.60660567353732
735,0.650856836768661
736,0.220932936768661
737,-0.426391163231339
738,1.60083000632465
739,-1.08662216323134
740,0.644788143093308
741,0.651697836768661
742,-2.13188
743,0.105151843093308
744,-1.83525
745,1.10598100632465
746,1.46965633911197
747,-0.207374
748,0.0946886735373227
749,0.492096836768661
750,-0.128232326462677
751,0.0342546735373228
752,1.9167
753,0.466432836768661
754,-0.742929
755,-2.11736
756,1.28415984309331
757,0.505592673537323
758,0.199865673537323
759,-0.881412163231339
760,-0.354316163231339
761,-0.371204163231339
762,0.283921136768661
763,-0.433106
764,-0.743494326462677
765,0.968430836768661
766,1.27251783676866
767,1.78324783676866
768,2.19684783676866
769,-0.0313593264626773
770,0.802362673537323
771,-0.325776
772,-0.0770318304440144
773,1.53579567353732
774,-0.996844326462677
775,0.70389
776,-0.659783163231339
777,0.344031836768661
778,1.18390683676866
779,0.813524006324647
780,-0.123288
781,-1.10862216323134
782,0.24662
783,1.52858
784,-0.697292163231339
785,-0.795974326462677
786,0.699807543093308
787,0.345557073537323
788,0.395322836768661
789,1.41388783676866
790,-1.76688216323134
791,-0.125691163231339
792,-1.45291216323134
793,-2.35073216323134
794,0.153396136768661
795,0.534310836768661
796,0.746949673537323
797,0.757807169555986
798,1.69653
799,-1.07845432646268
800,-0.222237326462677
801,0.0342288367686614
802,-1.22723
803,1.09902183676866
804,-1.10955
805,0.928560169555985
806,0.160918
807,2.08182567353732
808,-0.559319993675353
809,-0.150581326462677
810,-0.747220163231339
811,0.483882836768661
812,0.488859
813,-1.30014216323134
814,0.157080636768661
815,1.25899783676866
816,-0.559629163231339
817,0.893331673537323
818,-1.15189
819,1.24782900632465
820,0.238238
821,-0.0134971632313386
822,1.90340784309331
823,0.16295
824,-1.83885216323134
825,1.55957783676866
826,0.497146836768661
827,0.608274673537323
828,0.215839673537323
829,-0.0794631632313387
830,2.07735783676866
831,-0.694799
832,-0.0523571632313386
833,0.273326436768661
834,-0.277082326462677
835,-0.0716786
836,0.854907673537323
837,0.538685
838,0.00733212
839,-1.51245216323134
840,0.990952169555985
841,0.857895836768661
842,-0.916552163231339
843,1.11372583676866
844,-0.247501163231339
845,-0.484248
846,1.66222783676866
847,1.28826783676866
848,1.39336600632465
849,0.5698
850,0.0948331
851,0.326876
852,-0.926987
853,1.22810600632465
854,-0.588875163231339
855,-0.753554163231339
856,1.22031
857,1.36757601264929
858,-0.218119326462677
859,-0.639656
860,0.704954673537323
861,-0.150036163231339
862,0.603764
863,-0.561312163231339
864,-1.89022216323134
865,0.411744843093308
866,-0.903699
867,-0.188473
868,0.119599
869,0.161977736768661
870,0.620206
871,-0.867252163231339
872,-0.370242163231339
873,1.38814783676866
874,-1.08236432646268
875,-0.0828581632313386
876,0.590011836768661
877,-0.878194326462677
878,0.975439836768661
879,0.912544
880,-0.785492
881,1.53778
882,-0.647485163231339
883,0.0661956735373228
884,-0.827742163231339
885,0.893573836768661
886,1.69840783676866
887,1.27181584309331
888,-0.0681793264626773
889,-0.0995871632313386
890,-0.00918532646267728
891,-1.28182
892,-1.30667216323134
893,-0.177566163231339
894,0.535741836768661
895,-0.392899
896,0.941639843093308
897,0.606318
898,-0.0899033
899,0.251303836768661
900,0.295273
901,-0.792264
902,0.130672673537323
903,-0.300030163231339
904,0.435219373537323
905,-0.103143
906,0.108301036768661
907,1.09608483676866
908,-0.783859
909,-0.0302333264626772
910,0.512396
911,0.875275006324647
912,0.0614152
913,-0.318899163231339
914,0.796944169555986
915,0.326494
916,-0.324877993675353
917,0.493963
918,0.661632743093308
919,-0.0343813264626773
920,-0.495284326462677
921,0.449356836768661
922,0.420324836768661
923,0.0232538367686614
924,0.328886836768661
925,-1.68225216323134
926,-0.649190163231339
927,0.938432836768661
928,1.96711783676866
929,0.0924181695559856
930,-0.781874
931,-0.0984471632313386
932,-0.673075
933,0.590231
934,3.65316567353732
935,-0.0774638304440145
936,-0.449426
937,-0.327159
938,-0.506352163231339
939,-0.104087163231339
940,-0.0556121632313386
941,0.141480336768661
942,-0.653764
943,0.463981373537323
944,1.45118783676866
945,1.32986783676866
946,0.779066836768661
947,1.80686567353732
948,1.77152
949,1.25030783676866
950,0.657746836768661
951,-0.275233163231339
952,-0.284015326462677
953,-0.349427163231339
954,-1.56828216323134
955,0.227597
956,-0.579301830444014
957,-0.773047830444014
958,0.780859836768661
959,-0.0338821632313386
960,0.288363736768661
961,0.267486673537323
962,0.213970673537323
963,1.19569316955599
964,1.26781783676866
965,-1.28172432646268
966,-1.65078
967,0.557291673537323
968,1.70133783676866
969,-1.44920999367535
970,-0.943622163231339
971,1.06665084309331
972,2.22435567353732
973,1.0271
974,2.06244000632465
975,1.71538000632465
976,0.0395598430933083
977,0.0859931
978,1.99600000632465
979,1.12237
980,-0.411623
981,1.99113783676866
982,-0.911152156906692
983,0.430406836768661
984,0.884085006324647
985,1.33516
986,-0.365355
987,-1.41767
988,1.35379783676866
989,0.801607443093308
990,-0.0774251632313386
991,0.0237116
992,1.53368784309331
993,-0.836887830444015
994,0.0896196
995,0.423039
996,1.44898567353732
997,0.396106683537323
998,1.39220184309331
999,-2.12383
1000,1.80160000632465
1001,0.544216169555986
1002,0.988842
1003,-0.318967163231339
1004,-2.02035
1005,-0.0899511632313386
1006,0.389800836768661
1007,1.13604411264929
1008,1.71531
1009,0.249412
1010,1.49913600632465
1011,1.11941916955599
1012,1.22154
1013,-0.679060163231339
1014,1.69621000632465
1015,0.728427836768661
1016,0.894130836768662
1017,0.0984037
1018,-1.03587216323134
1019,0.489061373537323
1020,0.930324673537323
1021,0.0623620063246469
1022,0.0306788367686614
1023,-0.512872
1024,-1.38975
1025,0.456147012649294
1026,1.72741
1027,1.43192783676866
1028,-1.34874
1029,2.13695217588063
1030,-0.342126
1031,-0.263469
1032,0.178988
1033,-0.341101163231339
1034,0.674111836768661
1035,1.12577867353732
1036,0.0195148367686614
1037,-1.85055
1038,0.229066006324647
1039,-1.75335999367535
1040,0.200129836768661
1041,-1.20257
1042,-1.67768216323134
1043,1.23520384309331
1044,1.33417284309331
1045,0.332808836768661
1046,-1.13095
1047,0.713597169555986
1048,-0.145454163231339
1049,1.60975
1050,1.45221783676866
1051,0.131287736768661
1052,0.551517836768661
1053,-1.15108
1054,1.03824583676866
1055,-0.752634326462677
1056,1.38445
1057,1.38697267353732
1058,-2.43541216323134
1059,0.788952836768661
1060,0.863068836768662
1061,0.894169836768661
1062,-0.822914326462677
1063,-0.0380118
1064,0.971707836768661
1065,0.30842
1066,0.689099643093308
1067,-0.9629
1068,1.05591583676866
1069,-0.858644326462677
1070,0.749827836768661
1071,1.04993483676866
1072,-0.974282163231339
1073,2.10236784309331
1074,0.933588
1075,-1.29623
1076,0.387061836768661
1077,-0.0721282
1078,-0.725740163231339
1079,-0.62583
1080,-1.54519216323134
1081,0.923784836768661
1082,1.21245967353732
1083,-0.557281163231339
1084,0.752975836768662
1085,-0.343405830444014
1086,-0.199564163231339
1087,-1.17783
1088,-1.38879783044401
1089,-0.397357
1090,0.335075836768661
1091,0.108096536768661
1092,1.58791
1093,0.345908836768661
1094,-2.20946216323134
1095,0.648612836768661
1096,-0.463533
1097,0.628630836768661
1098,-0.50339
1099,0.600480673537323
1100,0.680713836768661
1101,0.561488139111971
1102,1.20099
1103,-0.359857
1104,-0.515482
1105,0.185703
1106,0.980811169555986
1107,-0.543715
1108,-1.08394
1109,1.53425000632465
1110,1.21316783676866
1111,-0.26433
1112,-0.124554163231339
1113,1.10456
1114,1.51511783676866
1115,0.0754968367686614
1116,0.963075673537323
1117,0.585643836768661
1118,1.51609783676866
1119,1.60158783676866
1120,-0.276630163231339
1121,1.83496000632465
1122,-0.487562
1123,1.50048
1124,-0.0948431632313386
1125,-0.0780551632313386
1126,0.814437169555986
1127,0.704248673537323
1128,0.363994836768661
1129,-0.729763
1130,-1.95335216323134
1131,-0.370428163231339
1132,2.25060783676866
1133,0.328168
1134,-0.288439326462677
1135,-0.286431
1136,0.896616836768662
1137,-1.99558216323134
1138,1.05507083676866
1139,0.0672698367686614
1140,-0.311598
1141,0.203908
1142,0.841645006324647
1143,-0.189740993675353
1144,2.91939
1145,0.417598836768661
1146,0.54104
1147,-1.74524
1148,0.693360836768661
1149,-0.732879993675353
1150,1.33376100632465
1151,-1.10913216323134
1152,-0.729496163231339
1153,-0.895657830444015
1154,0.298175006324647
1155,0.916934836768661
1156,-0.624686163231339
1157,-0.279206163231339
1158,0.117724006324647
1159,1.04602
1160,0.0564641695559856
1161,-0.873502163231339
1162,0.484641173537323
1163,-1.35018216323134
1164,0.969806006324647
1165,-0.344858326462677
1166,0.323656
1167,1.02632867353732
1168,1.81564567353732
1169,0.273372673537323
1170,-1.24462216323134
1171,-0.471309993675353
1172,-0.488001163231339
1173,0.566582169555986
1174,-0.225704163231339
1175,-0.860651
1176,-0.325522993675353
1177,0.747219836768661
1178,2.60769784309331
1179,2.20490784309331
1180,0.105698006324647
1181,2.08835784309331
1182,-1.05677432646268
1183,-0.331940163231339
1184,1.39258783676866
1185,0.301359736768661
1186,0.997662843093308
1187,1.08635483676866
1188,0.268151843093308
1189,1.37195216955599
1190,-1.37878432646268
1191,0.661211836768661
1192,0.0457448
1193,-0.795790163231339
1194,1.19791883676866
1195,1.19322167353732
1196,0.716266836768662
1197,2.03669216955599
1198,-1.06270215690669
1199,0.0864048367686614
1200,0.710508836768661
1201,-2.19379216323134
1202,1.82411783676866
1203,0.899967
1204,-1.39959216323134
1205,0.572410836768661
1206,0.299308673537323
1207,2.10688783676866
1208,0.483944836768661
1209,-0.402979163231339
1210,0.668359836768661
1211,0.709126836768661
1212,-0.944102163231338
1213,1.84977216955599
1214,-1.21253432646268
1215,0.576480836768661
1216,1.78132000632465
1217,-0.106012163231339
1218,-0.734440163231339
1219,-0.368211163231339
1220,0.0444818367686614
1221,1.27498916955599
1222,0.132903673537323
1223,0.194531746768661
1224,0.729497836768661
1225,0.988765006324647
1226,-0.174714163231339
1227,0.0372186735373227
1228,0.718621836768661
1229,0.708076673537323
1230,0.754140169555986
1231,0.204913169555986
1232,0.875500006324647
1233,2.15377567353732
1234,-0.224301163231339
1235,-0.777945
1236,1.69360783676866
1237,0.842493836768662
1238,-1.41340216323134
1239,-1.84346999367535
1240,0.785108006324647
1241,-1.43778783044401
1242,0.804844836768661
1243,-0.266581163231339
1244,-0.209513
1245,1.11996383676866
1246,0.0928429
1247,-0.422400163231339
1248,-0.93005
1249,-0.263045830444014
1250,0.672076836768661
1251,1.55757216955599
1252,-0.0359801632313386
1253,0.170414
1254,-0.871372163231339
1255,0.855047843093308
1256,0.140801
1257,-1.79672216323134
1258,-1.33464216323134
1259,1.40363367353732
1260,-2.01332432646268
1261,-0.209952
1262,0.985346673537323
1263,-0.541057163231339
1264,0.850192169555985
1265,-0.121455163231339
1266,-0.148089326462677
1267,-0.508582
1268,-0.657771
1269,-0.104362993675353
1270,0.848259843093308
1271,0.378357006324647
1272,-0.978712163231339
1273,0.418479273537323
1274,-0.482229163231339
1275,-1.86953
1276,-2.4369
1277,1.47358567353732
1278,1.76175783676866
1279,0.572092
1280,0.293972673537323
1281,0.621064
1282,-0.266596830444014
1283,-1.48003216323134
1284,-1.19941216323134
1285,-0.946452163231339
1286,-0.147915163231339
1287,-0.0622291632313386
1288,-0.676904326462677
1289,-1.64217
1290,0.386239836768661
1291,1.88322783676866
1292,-2.29687
1293,-0.132474
1294,-1.26839
1295,0.749036836768661
1296,-0.214536326462677
1297,1.54062567353732
1298,-0.521231163231339
1299,1.13979816955599
1300,-1.09337
1301,-0.413879163231339
1302,1.10820483676866
1303,1.1734
1304,0.920376
1305,0.731910673537323
1306,-1.30317
1307,1.24895783676866
1308,-0.439819987350706
1309,0.220031036768661
1310,0.602311
1311,1.30894783676866
1312,-0.235438
1313,0.673368836768661
1314,0.131075236768661
1315,1.01651817588063
1316,-0.326092156906692
1317,2.07859216955599
1318,0.118633
1319,1.59046216955599
1320,-0.640271
1321,0.182862673537323
1322,-0.0404234
1323,2.42248783676866
1324,0.694611836768661
1325,-0.405436163231339
1326,0.512596
1327,0.550305169555986
1328,1.09616216955599
1329,0.0340272
1330,-0.663793
1331,0.315793843093308
1332,-0.392739993675353
1333,-0.239781163231339
1334,0.776406673537323
1335,1.05249167353732
1336,-1.59524999367535
1337,-0.0196159936753531
1338,0.384319836768661
1339,-0.383272163231339
1340,-1.09793216323134
1341,-0.878889
1342,0.524238
1343,1.24361716955599
1344,0.416840836768661
1345,-0.694999
1346,2.27155
1347,-0.699573163231339
1348,-1.21677999367535
1349,-0.272011
1350,0.902341836768661
1351,0.178234036768661
1352,2.13591000632465
1353,1.01137583676866
1354,-0.568957326462677
1355,-1.00411216323134
1356,0.751064
1357,0.108104536768661
1358,0.703525836768661
1359,-0.495453163231339
1360,0.119132
1361,0.620282
1362,-0.825634
1363,-0.247323
1364,0.769056169555986
1365,-2.23552216323134
1366,0.0524316735373228
1367,1.90085783676866
1368,0.699646
1369,0.564196673537323
1370,0.267445006324647
1371,0.171679
1372,-0.0699078304440144
1373,0.203884806768661
1374,0.970812175880632
1375,2.48242783676866
1376,0.652797
1377,2.13601000632465
1378,0.329550969555986
1379,0.759359169555986
1380,0.211152786768661
1381,0.0785868367686614
1382,3.14954783676866
1383,1.60257
1384,-0.125776
1385,-0.0346261632313386
1386,-0.302628163231339
1387,1.24227783676866
1388,-2.36708
1389,-0.399389326462677
1390,-0.0754161569066917
1391,0.792345836768662
1392,1.35894
1393,2.64197000632465
1394,-0.218438
1395,0.16406
1396,-1.77715
1397,0.246513
1398,-2.08879216323134
1399,0.886423836768661
1400,-0.604514163231339
1401,1.66997000632465
1402,1.60372
1403,0.013737006324647
1404,-0.433530163231339
1405,-0.672669993675353
1406,0.471118506324647
1407,-0.581532163231339
1408,0.282674673537323
1409,2.5877
1410,-0.385985
1411,0.269252269555986
1412,0.721185006324647
1413,-0.175108993675353
1414,0.00334583676866138
1415,0.339971836768661
1416,1.25729167353732
1417,0.126387
1418,-0.607569
1419,1.55037216955599
1420,-0.637999993675353
1421,-0.236642163231339
1422,-1.39017
1423,-1.42318
1424,0.977148
1425,-0.530646830444014
1426,0.515978169555986
1427,-1.40027216323134
1428,0.362372473537323
1429,1.40550800632465
1430,-2.29117
1431,-1.31864
1432,0.261672
1433,1.06508400632465
1434,0.713157175880633
1435,1.61610783676866
1436,-0.228456163231339
1437,1.38745783676866
1438,1.23565700632465
1439,-0.0207823264626772
1440,0.0150080063246469
1441,0.382946006324647
1442,0.185983843093308
1443,0.276704006324647
1444,-0.632083163231339
1445,0.507605106324647
1446,2.30287
1447,0.348224373537323
1448,0.416643169555986
1449,-0.705700163231339
1450,0.150202843093308
1451,0.283179673537323
1452,-0.489118326462677
1453,1.36214967353732
1454,-0.840652156906692
1455,-0.995623
1456,-0.439195326462677
1457,2.29735217588063
1458,0.0434548367686614
1459,0.456087
1460,0.138506006324647
1461,-0.0391143264626773
1462,-0.318847326462677
1463,0.148626006324647
1464,0.707064006324647
1465,1.09197900632465
1466,0.629955006324647
1467,0.260316
1468,0.737451006324647
1469,1.22252
1470,-0.723664326462677
1471,0.629776006324647
1472,1.16262683676866
1473,0.796737143093308
1474,0.433443906324647
1475,0.705313836768661
1476,-0.585602830444014
1477,0.954547836768661
1478,-1.78804216323134
1479,0.206986006324647
1480,2.07085
1481,-0.331061993675353
1482,0.887878
1483,1.35986167353732
1484,0.298698
1485,1.10261
1486,-1.72185
1487,0.168125136768661
1488,0.286387136768661
1489,-0.795039993675353
1490,1.28611200632465
1491,-1.06415783044401
1492,0.976863169555986
1493,-1.28809999367535
1494,-0.616368
1495,0.374489
1496,1.83428000632465
1497,-0.844357
1498,1.10511183676866
1499,-0.0568318304440144
1500,0.0819958367686614
1501,-0.979069993675353
1502,0.167561336768661
1503,1.00823
1504,-0.622582156906692
1505,0.319170836768661
1506,-1.2937
1507,0.341132006324647
1508,0.143348536768661
1509,1.94552784309331
1510,0.0253022
1511,0.477355169555986
1512,-0.0560981632313386
1513,-1.61559432646268
1514,-0.556611
1515,0.981163169555986
1516,-0.656618163231339
1517,1.15477
1518,0.903524836768661
1519,-1.45358783044401
1520,-0.878145
1521,0.567804843093308
1522,0.240494936768661
1523,1.49063567353732
1524,-0.367860163231339
1525,-0.227776163231339
1526,0.443698836768661
1527,0.959844006324647
1528,-0.394028163231339
1529,1.55208184309331
1530,0.743167836768661
1531,-0.83464
1532,-0.857572156906692
1533,1.68476216955599
1534,1.30199900632465
1535,-0.354749993675353
1536,0.446761
1537,0.370762843093308
1538,-0.186287163231339
1539,0.217155
1540,-1.01226783044401
1541,-1.24954783044401
1542,2.15503000632465
1543,-1.40045216323134
1544,0.875497006324647
1545,-0.140464163231339
1546,0.433287836768661
1547,1.49244917588063
1548,-2.41061
1549,0.389455843093308
1550,0.266336
1551,-0.945592163231339
1552,1.51225567353732
1553,0.729009
1554,-0.683797830444014
1555,0.265317673537323
1556,0.587700836768661
1557,0.468511073537323
1558,-0.412172
1559,-0.467455163231339
1560,0.342646006324647
1561,0.582431806324647
1562,-0.428434830444014
1563,1.81871567353732
1564,-0.206159163231339
1565,0.617049843093308
1566,1.45041
1567,-0.806344
1568,1.82994000632465
1569,0.288757436768661
1570,1.28776783676866
1571,0.806111006324647
1572,0.909926006324647
1573,1.16387800632465
1574,0.0279096
1575,0.483234836768661
1576,0.276111636768661
1577,-0.683794
1578,0.107379169555986
1579,0.414931006324647
1580,-0.696997830444014
1581,0.343926969555986
1582,0.771402
1583,-0.182583
1584,0.100432673537323
1585,-0.0133711632313386
1586,1.12273500632465
1587,0.622333
1588,-1.08119
1589,-0.0305115
1590,-0.311634
1591,1.01663383676866
1592,-0.0339993264626773
1593,-0.295686163231339
1594,0.105026
1595,0.849806836768661
1596,0.274696636768661
1597,0.651278
1598,1.12458584309331
1599,0.484656836768661
1600,1.16511667353732
1601,1.36238783676866
1602,0.814867
1603,0.688089
1604,0.437686836768661
1605,0.252652036768661
1606,-0.585917163231339
1607,0.460547
1608,-0.375661326462677
1609,-1.08922
1610,-0.914429993675353
1611,-0.148179
1612,-1.7335
1613,0.472258169555986
1614,-1.00021432646268
1615,-1.01933
1616,-1.68237432646268
1617,0.811148836768662
1618,0.225232006324647
1619,0.460153
1620,-0.714735
1621,0.960901673537323
1622,0.202170487768661
1623,-0.897562163231339
1624,0.334547006324647
1625,1.49584817588063
1626,-0.511877
1627,0.305231836768661
1628,0.131132436768661
1629,0.235756
1630,1.42176783676866
1631,-0.265813993675353
1632,-0.890355
1633,1.00234284309331
1634,0.916373
1635,0.426285
1636,0.826687169555986
1637,1.46215783676866
1638,-0.218098
1639,-0.118799
1640,1.49791783676866
1641,-0.119837163231339
1642,-0.451410163231339
1643,0.047078006324647
1644,0.82692
1645,-0.961272163231339
1646,0.403441006324647
1647,1.30165167353732
1648,-1.29718216323134
1649,0.216662169555986
1650,0.619014836768661
1651,1.15958600632465
1652,1.21803783676866
1653,-0.77089
1654,0.941052
1655,0.647202
1656,0.766262836768661
1657,-0.526096163231339
1658,0.090183006324647
1659,-0.563737
1660,0.421489
1661,0.459347173537323
1662,0.857432836768662
1663,-1.25315
1664,-0.522535830444014
1665,-1.83965
1666,0.114314736768661
1667,1.42675
1668,0.255306
1669,0.404505
1670,-3.01586216323134
1671,-2.00758
1672,1.96935000632465
1673,-1.67538
1674,-0.554668163231339
1675,0.0253708367686614
1676,0.00675148
1677,1.83058
1678,-0.118152326462677
1679,2.18177783676866
1680,0.801975673537323
1681,1.13927
1682,-0.206378163231339
1683,1.15379200632465
1684,2.27026000632465
1685,-0.595326830444015
1686,-0.481321830444014
1687,0.582827673537323
1688,0.854556843093308
1689,0.159084236768661
1690,-0.207638163231339
1691,1.61936
1692,-0.183641
1693,0.683705006324647
1694,-1.30037216323134
1695,1.56900000632465
1696,1.22951
1697,1.61169000632465
1698,-2.10914783044401
1699,0.984487836768661
1700,0.487178836768661
1701,-0.141602830444014
1702,1.63232000632465
1703,0.937026006324647
1704,1.28529783676866
1705,1.14750884309331
1706,-0.907252163231339
1707,-0.419240993675353
1708,0.810521043093308
1709,0.472012836768661
1710,1.80736
1711,-0.472877163231339
1712,-0.684217163231339
1713,-0.0992483264626773
1714,-0.962982163231339
1715,1.80044216955599
1716,0.686619673537323
1717,1.86691217588063
1718,1.29440783676866
1719,0.677899
1720,1.29018783676866
1721,0.116916169555986
1722,0.256894006324647
1723,0.100262006324647
1724,0.262487836768661
1725,0.876216843093308
1726,1.73936
1727,-1.08559216323134
1728,2.41469783676866
1729,0.364048836768661
1730,2.38396783676866
1731,-0.675031
1732,0.183004
1733,1.46882333911197
1734,-0.461985993675353
1735,-1.01966216323134
1736,1.12291883676866
1737,-0.216116163231339
1738,0.00700125
1739,0.489002836768662
1740,-1.57707216323134
1741,0.831652836768661
1742,1.14259
1743,-0.356302156906692
1744,2.36387784309331
1745,-0.668124326462677
1746,0.178781436768661
1747,0.520584836768661
1748,-1.02251
1749,0.474042836768661
1750,1.8973
1751,-0.891874326462677
1752,2.26462784309331
1753,0.548216843093308
1754,-2.36074
1755,0.289701736768661
1756,0.832709836768661
1757,-0.903862163231338
1758,-1.2313
1759,1.01950883676866
1760,-0.929919
1761,-0.653215163231339
1762,-0.165565
1763,0.491953836768661
1764,0.121098
1765,-0.278228163231339
1766,1.88217783676866
1767,1.89454783676866
1768,2.32550783676866
1769,1.31159783676866
1770,1.23335384309331
1771,0.332994836768661
1772,-0.981596
1773,-0.3486
1774,1.45272783676866
1775,2.01373567353732
1776,0.444833206324647
1777,0.707745006324647
1778,0.821347836768661
1779,1.87383567353732
1780,0.956154843093308
1781,0.588270836768661
1782,0.461038
1783,1.93811784309331
1784,1.96766
1785,-0.212987156906692
1786,-1.49041216323134
1787,1.42722300632465
1788,0.977272836768661
1789,-0.237521163231339
1790,-0.400335326462677
1791,1.59513783676866
1792,2.01118
1793,0.573164836768661
1794,1.40147400632465
1795,-0.963294326462677
1796,0.511878836768661
1797,1.01045200632465
1798,0.443295873537323
1799,1.08830967353732
1800,1.78601
1801,1.66004783676866
1802,1.9625
1803,0.899847843093308
1804,0.797143836768662
1805,1.25657783676866
1806,0.610382739111971
1807,-0.148659163231339
1808,-0.066561
1809,1.37410783676866
1810,1.03815200632465
1811,1.16591
1812,2.02291783676866
1813,-1.08282
1814,2.17196216955599
1815,1.46043600632465
1816,0.491334836768662
1817,0.930887
1818,-0.913522163231339
1819,-0.110305163231339
1820,0.127528673537323
1821,1.80293567353732
1822,1.95905783676866
1823,1.49863200632465
1824,-0.521328326462677
1825,0.764605673537323
1826,-0.998662163231339
1827,-2.14126
1828,-0.662959
1829,-0.393012
1830,-2.25792
1831,0.818688169555986
1832,0.264811069555986
1833,-1.09616216323134
1834,0.540660706324647
1835,0.497446
1836,-1.45725432646268
1837,1.80429783676866
1838,1.27790783676866
1839,-0.292822
1840,-1.97499432646268
1841,1.47460783676866
1842,0.181807736768661
1843,0.685669836768661
1844,-1.45428216323134
1845,-0.435994
1846,-1.12727432646268
1847,-1.76145216323134
1848,0.758763169555986
1849,-0.116336830444014
1850,-0.327235
1851,-0.352749326462677
1852,-1.06666432646268
1853,1.77661
1854,-0.678199
1855,0.154244
1856,0.0127668367686614
1857,1.95832217588063
1858,0.779274643093308
1859,0.434557836768661
1860,0.228074336768661
1861,1.76495784309331
1862,1.46085783676866
1863,-0.772068163231339
1864,0.655123006324647
1865,1.21795
1866,-1.07364216323134
1867,-0.200143
1868,0.0675168367686614
1869,-0.696654326462677
1870,1.31767800632465
1871,0.341020006324647
1872,1.03648100632465
1873,-0.231036163231339
1874,1.37409783676866
1875,0.249730673537323
1876,-0.838704326462677
1877,0.174399936768661
1878,-0.237762830444014
1879,0.721128006324647
1880,-0.976895
1881,-0.616837
1882,-0.578935163231339
1883,-0.129272163231339
1884,0.171783006324647
1885,-0.0678099
1886,-0.0426431632313386
1887,1.77180000632465
1888,-0.464086993675353
1889,0.401828
1890,0.431916
1891,0.272215836768661
1892,-0.250754163231339
1893,0.338278269555986
1894,0.966479836768661
1895,-0.139212
1896,1.08210883676866
1897,0.808107006324647
1898,1.30012300632465
1899,-0.589999830444014
1900,1.48081400632465
1901,-0.324707824119367
1902,-1.1299
1903,0.508479836768661
1904,0.438459
1905,-1.18231
1906,0.0496348367686614
1907,-1.30962
1908,-1.15315
1909,0.512590169555986
1910,1.60965783676866
1911,0.393606
1912,-0.714771
1913,0.82536
1914,0.582755843093308
1915,1.07463083676866
1916,-0.442363163231339
1917,-0.285191
1918,2.00917783676866
1919,0.818656836768662
1920,0.331105836768661
1921,0.609737836768661
1922,0.50188
1923,0.472614
1924,1.28799783676866
1925,0.370464836768661
1926,1.66084
1927,-0.665812163231339
1928,1.00795100632465
1929,0.339922
1930,1.56539884309331
1931,0.981931006324647
1932,1.56646
1933,-0.086263993675353
1934,0.252188436768661
1935,-0.247434163231339
1936,-0.822482163231338
1937,-0.611718
1938,0.580715836768661
1939,1.15736
1940,0.424739836768661
1941,0.455310206324647
1942,0.542209
1943,-0.0536541632313386
1944,0.506075
1945,-0.47313
1946,-0.339618163231339
1947,0.965391843093308
1948,1.08255483676866
1949,1.07664667353732
1950,1.79283
1951,-0.797141163231339
1952,2.20634000632465
1953,1.37623783676866
1954,-0.490059993675353
1955,0.553144
1956,0.410873
1957,0.956684
1958,1.40042
1959,-0.120721
1960,0.524037836768661
1961,0.932432836768661
1962,0.090315
1963,-0.316963830444014
1964,-0.907829993675353
1965,0.668900836768661
1966,1.10911583676866
1967,0.344399
1968,-0.350729163231339
1969,-0.448827163231339
1970,0.377453836768661
1971,0.857703
1972,1.09035616955599
1973,-0.312998
1974,-0.185191156906692
1975,0.832800169555986
1976,0.805708169555986
1977,0.673738836768662
1978,-0.713114163231339
1979,0.182539236768661
1980,-0.395707830444014
1981,-0.315181993675353
1982,-1.88609
1983,1.14245783676866
1984,-0.449292156906692
1985,0.945496843093308
1986,0.0241718367686614
1987,-0.431684163231339
1988,-0.326004163231339
1989,0.436929706324647
1990,0.0796998367686614
1991,0.0594398367686614
1992,1.17582183676866
1993,-0.746301163231339
1994,1.35118100632465
1995,0.958677
1996,-0.196298830444014
1997,-0.997332163231339
1998,-0.636383163231339
1999,0.403994
2000,1.42915
2001,-1.14243216323134
2002,-1.40299783044401
2003,-0.0368541632313386
2004,-0.753364
2005,-0.824297830444014
2006,-0.443472163231339
2007,-0.186890163231339
2008,-0.72406
2009,0.0444580063246469
2010,1.74272567353732
2011,0.860653
2012,1.14412183676866
2013,0.0328408367686614
2014,0.674100006324647
2015,-0.560116163231339
2016,2.69085
2017,1.03320100632465
2018,-0.0912701632313387
2019,1.33360783676866
2020,-0.305578
2021,-0.509360326462677
2022,-0.368387163231339
2023,0.633896836768661
2024,0.946873836768661
2025,-0.557949993675353
2026,0.451340573537323
2027,0.534533836768661
2028,0.836792673537323
2029,-0.718862163231339
2030,-0.215938326462677
2031,-0.882194326462677
2032,-0.437405163231339
2033,-0.780375
2034,1.42064300632465
2035,0.284106006324647
2036,0.869589
2037,0.156443169555986
2038,-0.529689163231339
2039,2.24777000632465
2040,0.379376
2041,-1.70877216323134
2042,1.21650667353732
2043,-1.57317432646268
2044,0.711281673537323
2045,-0.735677830444014
2046,0.750315339111971
2047,-0.493230163231339
2048,1.13533783676866
2049,0.0780938367686614
2050,1.18042983676866
2051,2.48898783676866
2052,0.363768836768661
2053,1.65762216955599
2054,0.823376836768661
2055,1.12300116955599
2056,2.16244783676866
2057,-0.286574163231339
2058,0.0639918367686614
2059,0.488016836768661
2060,1.00111183676866
2061,0.827937169555986
2062,-0.521488
2063,0.818939006324647
2064,1.01525716955599
2065,0.657180169555986
2066,0.275131
2067,0.764818006324647
2068,0.579213673537323
2069,1.01484284309331
2070,-0.145738830444014
2071,-0.106725
2072,-0.345101
2073,-0.686141
2074,1.01603383676866
2075,0.764893836768661
2076,-0.296562
2077,1.40374
2078,-1.38639
2079,-1.52846
2080,0.494578873537323
2081,0.12464
2082,0.626963006324647
2083,-0.756469993675353
2084,0.129444636768661
2085,-0.368568
2086,0.851270169555986
2087,-0.558602
2088,0.716185836768661
2089,-0.522591163231339
2090,-0.138553163231339
2091,2.30468000632465
2092,-1.17958
2093,0.485108836768661
2094,2.25889784309331
2095,0.982574169555986
2096,2.38679216955599
2097,0.343531
2098,-0.82395
2099,1.32636216955599
2100,0.464023
2101,-1.12267
2102,0.721730836768661
2103,-0.514077326462677
2104,1.38658783676866
2105,-0.142581
2106,0.697303169555986
2107,-0.655734830444014
2108,0.189058673537323
2109,-0.221611830444014
2110,1.04118616955599
2111,1.16025
2112,-0.966939
2113,-0.600446163231339
2114,1.23279783676866
2115,1.94038
2116,-0.918994326462677
2117,0.401633836768661
2118,1.02061767353732
2119,-0.257473326462677
2120,0.826377
2121,-0.231561163231339
2122,-0.503434163231339
2123,-0.191067
2124,1.06788983676866
2125,-0.57502
2126,0.0636008367686614
2127,-0.0159527
2128,2.06620000632465
2129,1.75800567353732
2130,-0.587026163231339
2131,0.150196006324647
2132,-1.86117
2133,0.201045673537323
2134,2.01027217588063
2135,0.018500006324647
2136,-2.06583
2137,-1.70632783044401
2138,1.51925300632465
2139,0.648543836768661
2140,-1.47343216323134
2141,-0.0594273264626773
2142,1.06522383676866
2143,1.53330783676866
2144,-0.0818351632313386
2145,-1.20392216323134
2146,-1.33352
2147,-0.754849993675353
2148,-0.356514163231339
2149,1.23057783676866
2150,1.18221316955599
2151,0.511033
2152,-0.494766163231339
2153,-1.39148
2154,-0.447303
2155,-0.818132163231339
2156,0.887187836768661
2157,0.914127006324647
2158,0.714279
2159,2.47781216955599
2160,2.4804
2161,2.00846216955599
2162,1.36499216955599
2163,0.885132
2164,0.605703
2165,-0.0129488304440144
2166,-0.75854
2167,-0.742557830444015
2168,-1.2308
2169,1.21913467353732
2170,1.73126567353732
2171,-0.499084163231339
2172,-0.575642
2173,0.0867971695559856
2174,-0.542699830444014
2175,2.31332784309331
2176,0.297493036768661
2177,0.228726969555986
2178,1.44896500632465
2179,0.990571836768661
2180,0.614087169555986
2181,2.34272216955599
2182,1.42117400632465
2183,0.528776169555986
2184,-0.104404
2185,2.01940216955599
2186,2.48337216955599
2187,1.87452216955599
2188,-0.0617247
2189,0.442190175880632
2190,0.3467
2191,1.55905000632465
2192,-0.732165163231339
2193,0.886764836768661
2194,-1.53497783044401
2195,-2.49042
2196,2.42520216955599
2197,1.50195900632465
2198,0.889159843093308
2199,0.181774836768661
2200,-0.182208326462677
2201,2.20798217588063
2202,0.885905836768662
2203,1.68043567353732
2204,0.430277473537323
2205,0.167916836768661
2206,0.867717006324647
2207,-0.0604851632313387
2208,-1.62307783044401
2209,0.0161388430933083
2210,-2.03777432646268
2211,0.607509673537323
2212,-0.414709163231339
2213,-0.121593
2214,-0.106459156906692
2215,-0.837042163231339
2216,1.12323383676866
2217,0.966794843093308
2218,-1.66987216323134
2219,-1.96100999367535
2220,-0.763081
2221,0.191893169555986
2222,0.314736259555986
2223,-1.03200783044401
2224,-1.36884
2225,-1.73263432646268
2226,-0.658114326462677
2227,0.0617418367686614
2228,-0.593905830444014
2229,-0.0967379936753531
2230,-1.52055
2231,0.880891
2232,1.11869083676866
2233,-0.748059163231339
2234,-0.351788163231339
2235,0.471618836768661
2236,1.86395783676866
2237,0.299934339111971
2238,-0.612544326462677
2239,-1.95130216323134
2240,-1.2432
2241,-0.421776163231339
2242,0.683982175880633
2243,-0.417756993675353
2244,-0.013858993675353
2245,0.304652
2246,-0.665734163231339
2247,0.868792836768661
2248,0.176008673537323
2249,-0.567390163231339
2250,-1.70687216323134
2251,-0.118371
2252,0.551648673537323
2253,0.268106
2254,1.37003783676866
2255,0.985503836768661
2256,-1.19054
2257,2.22259783676866
2258,1.78540000632465
2259,0.0677466735373227
2260,-0.451313326462677
2261,-0.216409326462677
2262,-0.0910333264626773
2263,0.515287
2264,0.454861169555986
2265,1.36246267353732
2266,0.200164
2267,0.616271139111971
2268,0.103646169555986
2269,-0.494027
2270,1.04947
2271,0.0135990063246469
2272,0.0895738367686614
2273,0.143553006324647
2274,0.817978673537323
2275,0.690757836768661
2276,1.65881000632465
2277,-0.0743989936753531
2278,0.127352006324647
2279,0.517914836768661
2280,0.219673006324647
2281,-0.597567
2282,-0.127779993675353
2283,1.45516216955599
2284,0.826664006324647
2285,1.10450100632465
2286,-0.470416
2287,0.612915836768661
2288,-0.241189
2289,0.626861836768661
2290,0.600256
2291,-0.505416163231339
2292,0.784171836768661
2293,0.746609673537323
2294,0.00808283676866137
2295,1.31593783676866
2296,-0.468395830444015
2297,1.25785200632465
2298,0.318055836768661
2299,0.992119169555986
2300,0.533463169555986
2301,1.20652867353732
2302,0.0654726735373227
2303,-0.526256163231339
2304,-1.53659216323134
2305,1.30578000632465
2306,0.420379
2307,2.57008783676866
2308,2.26447783676866
2309,2.22020783676866
2310,-0.912974326462677
2311,2.28660783676866
2312,-0.470640163231339
2313,-0.741717830444015
2314,1.05019967353732
2315,-0.423313163231339
2316,-0.316049326462677
2317,-0.963842163231339
2318,1.23456916955599
2319,-1.72487216323134
2320,0.311552836768661
2321,0.127674036768661
2322,1.06875400632465
2323,0.558725836768661
2324,0.706616169555986
2325,-0.682769993675353
2326,0.759573006324647
2327,0.845900836768661
2328,1.03197
2329,0.487349836768661
2330,0.106860936768661
2331,0.527781836768661
2332,0.185894736768661
2333,0.115250836768661
2334,0.141142169555986
2335,-0.156649830444014
2336,2.28113783676866
2337,-0.0262131632313386
2338,0.395117836768661
2339,0.992007836768661
2340,-0.241643830444014
2341,0.385424006324647
2342,0.652817836768661
2343,-0.739758163231339
2344,0.244052
2345,0.41003
2346,0.922253
2347,3.06964783676866
2348,0.763839836768661
2349,-0.586293163231339
2350,-0.367424163231339
2351,-0.535889163231339
2352,-0.263427163231339
2353,-1.08278
2354,0.343765836768661
2355,-0.515939
2356,1.27879
2357,0.844096673537323
2358,-1.82780216323134
2359,0.759875836768662
2360,-0.108776163231339
2361,0.878797169555986
2362,-0.477981830444015
2363,0.721541836768661
2364,0.914024
2365,0.977975
2366,-0.855244
2367,0.353682
2368,0.0721148367686614
2369,0.770942
2370,0.441972873537323
2371,-0.434559163231339
2372,2.01465567353732
2373,1.24181783676866
2374,-0.0352201632313386
2375,1.31296783676866
2376,2.31253567353732
2377,-0.967918
2378,-0.750789993675353
2379,-0.283241163231339
2380,0.519199
2381,-1.32683216323134
2382,1.52266567353732
2383,0.806983
2384,-0.00766032646267728
2385,0.533773673537323
2386,0.346566836768661
2387,-0.317654
2388,-0.821587830444014
2389,-0.283543
2390,0.245592
2391,1.54542
2392,0.245485836768661
2393,-1.15919
2394,1.77463783676866
2395,0.395517369555986
2396,-0.591190163231339
2397,1.79802783676866
2398,-1.38620216323134
2399,-1.04022216323134
2400,0.040479006324647
2401,0.585187836768661
2402,-0.96598
2403,-0.601609993675353
2404,1.68271484309331
2405,0.679755006324647
2406,0.439677206324647
2407,1.63201000632465
2408,0.805393836768661
2409,1.20805783676866
2410,-1.64188
2411,1.15140300632465
2412,0.119073
2413,1.09332
2414,-1.59029783044401
2415,1.44532783676866
2416,-0.169059
2417,1.37137783676866
2418,2.21006567353732
2419,2.09721567353732
2420,1.51285567353732
2421,0.788149836768661
2422,-2.82566216323134
2423,-0.584378163231339
2424,0.353363
2425,-0.391713163231339
2426,1.78644783676866
2427,1.38696
2428,3.66867783676866
2429,-0.709899993675353
2430,-0.412641163231339
2431,-1.16134
2432,2.86646783676866
2433,0.581663169555986
2434,1.42585567353732
2435,0.302129236768661
2436,0.657450836768661
2437,-0.701874326462677
2438,0.568035836768661
2439,-1.31805
2440,-0.928986
2441,0.892453843093308
2442,1.26400267353732
2443,-1.53795783044401
2444,0.00570483676866138
2445,1.34830967353732
2446,0.922061169555986
2447,-0.362989163231339
2448,-0.539757163231339
2449,-0.573992326462677
2450,-1.49668216323134
2451,-0.695287
2452,0.45086
2453,1.09612600632465
2454,-0.784429
2455,0.436734836768661
2456,-0.0223711569066917
2457,-2.47274216323134
2458,-0.899502163231339
2459,-1.69539
2460,0.584124836768661
2461,1.58867783676866
2462,1.75161417588063
2463,2.67973216955599
2464,0.529591836768661
2465,0.464498836768661
2466,0.51922
2467,1.07529
2468,1.18239
2469,0.0150197
2470,-0.216505163231339
2471,1.54944984309331
2472,1.09837000632465
2473,-1.05947
2474,0.581016
2475,0.470180806324647
2476,1.21023567353732
2477,1.78519783676866
2478,0.829401673537323
2479,1.61715000632465
2480,1.05622683676866
2481,0.238606236768661
2482,0.316249836768661
2483,0.923410836768661
2484,1.15017783676866
2485,0.909053
2486,-0.469000163231339
2487,0.981420006324647
2488,0.394515006324647
2489,0.420438306324647
2490,0.610499673537323
2491,0.475891169555986
2492,0.0580822
2493,-1.64285216323134
2494,-0.966112163231339
2495,-0.0352651632313386
2496,-0.227088830444014
2497,-0.191647
2498,1.28571783676866
2499,-0.311296830444014
2500,-0.7468
2501,-0.747295163231339
2502,-0.0106811632313386
2503,0.389509836768661
2504,-0.845927830444014
2505,0.828331673537323
2506,1.44272783676866
2507,1.126
2508,-0.110984830444014
2509,0.963031169555986
2510,1.01623
2511,1.48200783676866
2512,1.43528
2513,-0.551376
2514,-1.13143216323134
2515,-1.32344216323134
2516,-1.43987216323134
2517,-0.222157993675353
2518,0.139836936768661
2519,0.124694006324647
2520,1.48506200632465
2521,0.238215636768661
2522,0.457532006324647
2523,0.234252636768661
2524,0.098082006324647
2525,0.198150256768661
2526,-0.028555
2527,0.429724673537323
2528,-0.740836163231339
2529,-0.476444326462677
2530,0.342859273537323
2531,1.13142616955599
2532,-0.415212830444014
2533,0.0624431695559856
2534,1.12578
2535,1.12451900632465
2536,0.342240006324647
2537,0.416473
2538,-0.288002
2539,1.37220216955599
2540,-1.03057
2541,1.15267916955599
2542,1.37546100632465
2543,0.0943520063246469
2544,0.0282028367686614
2545,-0.663406163231339
2546,0.588417836768661
2547,-1.69911
2548,-0.401708
2549,1.11617483676866
2550,0.496879169555986
2551,-1.26856999367535
2552,0.0262981695559856
2553,0.700206006324647
2554,0.104837006324647
2555,0.454189806324647
2556,-0.367730993675353
2557,-1.58890999367535
2558,-0.230529163231339
2559,-0.784372
2560,-0.174482163231339
2561,0.438005836768661
2562,0.132026636768661
2563,-0.611062163231339
2564,1.30562500632465
2565,0.220606436768661
2566,-0.057446993675353
2567,0.655534836768661
2568,0.156770336768661
2569,1.32426783676866
2570,2.20468783676866
2571,1.29262400632465
2572,-0.540963163231339
2573,1.15585583676866
2574,-0.705954163231339
2575,-1.04766
2576,-1.33682216323134
2577,-0.891742163231339
2578,-0.809064
2579,0.348199469555986
2580,-0.466866
2581,0.619732836768661
2582,0.745316836768661
2583,0.530426836768661
2584,-0.420978326462677
2585,0.364444269555986
2586,0.295217236768661
2587,-0.203474993675353
2588,-0.0404301632313386
2589,0.697637836768661
2590,0.659409673537323
2591,1.86942567353732
2592,0.0945178367686614
2593,1.04114516955599
2594,0.622196169555986
2595,0.0542327
2596,3.03764216955599
2597,-0.993354
2598,0.975426
2599,1.39461217588063
2600,1.62222783676866
2601,0.322152836768661
2602,1.24952
2603,-0.701086163231339
2604,0.672346006324647
2605,-0.835762163231339
2606,-0.338701
2607,1.29708
2608,-0.456676830444014
2609,-0.248990830444014
2610,-0.0694938304440144
2611,0.479188
2612,1.61605216955599
2613,-0.899982163231339
2614,-0.208784163231339
2615,0.548371306324647
2616,-0.271507326462677
2617,-1.85418432646268
2618,1.96662567353732
2619,0.804252343093308
2620,0.797998
2621,-0.647864163231339
2622,-2.13639216323134
2623,-0.236078163231339
2624,-1.42848216323134
2625,0.0502916735373227
2626,-0.281190326462677
2627,1.62785783676866
2628,1.70881567353732
2629,2.02982783676866
2630,0.952682
2631,-0.599921163231339
2632,-1.12261432646268
2633,0.234932673537323
2634,1.02982983676866
2635,-0.305334326462677
2636,0.0387232
2637,0.762207
2638,-1.18424
2639,0.731546
2640,3.41727000632465
2641,0.366034
2642,0.652312
2643,1.57788084309331
2644,0.971002
2645,3.04910784309331
2646,1.30859
2647,0.270431
2648,1.04566
2649,-0.786469993675353
2650,1.46198517588063
2651,-1.15525999367535
2652,-1.05480999367535
2653,-0.478492
2654,0.25245
2655,0.385737
2656,-0.0678357
2657,0.0735134
2658,0.67796
2659,-0.730264163231339
2660,0.896509673537323
2661,0.173128673537323
2662,0.675519836768661
2663,-0.169011163231339
2664,0.977926
2665,0.978795
2666,1.9799
2667,1.78790000632465
2668,-1.29184
2669,0.0697547
2670,0.378115006324647
2671,0.321173006324647
2672,0.374733006324647
2673,0.832002006324647
2674,1.39291783676866
2675,-0.273293
2676,-0.0710396
2677,1.52481000632465
2678,0.635964006324647
2679,-1.34330432646268
2680,0.991501843093308
2681,-1.50091999367535
2682,-0.352483163231339
2683,0.501034843093308
2684,0.615652
2685,0.529342
2686,0.689245836768661
2687,1.68275
2688,-1.00967
2689,0.217298
2690,-0.964652
2691,-1.22377216323134
2692,-0.672784
2693,-0.20417
2694,-0.263192830444014
2695,-1.18102
2696,0.175504936768661
2697,-0.855952163231339
2698,-0.472405
2699,2.56624784309331
2700,1.69935117588063
2701,1.34841783676866
2702,0.894740006324647
2703,2.99534784309331
2704,2.65215000632465
2705,0.0831638367686614
2706,1.31875783676866
2707,-1.26208
2708,0.289112006324647
2709,1.0694
2710,-0.163209326462677
2711,1.38667783676866
2712,1.27544783676866
2713,1.81058783676866
2714,-1.11036216323134
2715,0.917804006324647
2716,-0.218195993675353
2717,-0.491709993675353
2718,-0.507409
2719,0.229267
2720,1.29881667353732
2721,1.70338784309331
2722,-0.109739
2723,-0.0260061632313386
2724,0.174706673537323
2725,2.13682567353732
2726,0.776062006324647
2727,1.17154183676866
2728,0.825421
2729,1.41155783676866
2730,-0.247994
2731,1.35348
2732,-0.488284
2733,-0.286454
2734,1.31139783676866
2735,-0.368853993675353
2736,0.611738
2737,0.977162
2738,1.64699783676866
2739,0.557658836768661
2740,-0.211921163231339
2741,-0.823652163231339
2742,0.641944006324647
2743,-1.22447999367535
2744,-0.943569993675353
2745,0.821575
2746,-1.31846216323134
2747,1.82256783676866
2748,-1.22943216323134
2749,0.366434873537323
2750,0.303961836768661
2751,-0.271684326462677
2752,1.60177783676866
2753,0.819114836768661
2754,0.139435036768661
2755,0.784904836768661
2756,0.185074536768661
2757,-1.66142432646268
2758,0.598343673537323
2759,-1.03013432646268
2760,0.934120836768661
2761,1.08071383676866
2762,1.88782
2763,0.47993
2764,1.27426800632465
2765,0.939129006324647
2766,-0.48153
2767,0.860621
2768,0.911762
2769,1.32891300632465
2770,-0.185816163231339
2771,-2.57717216323134
2772,-0.0468681632313386
2773,-0.416121
2774,-0.259760163231339
2775,-0.952508
2776,0.924722012649294
2777,-1.55079
2778,0.526795169555986
2779,-0.324138830444014
2780,-0.988766
2781,1.25093
2782,0.259489
2783,0.22036
2784,-0.372463830444014
2785,0.0953221695559856
2786,0.0367121695559856
2787,-0.846712163231339
2788,0.337849006324647
2789,0.602780169555986
2790,-1.65534
2791,0.339843836768661
2792,0.0600060063246469
2793,-0.320069993675353
2794,0.415947836768661
2795,-0.791002156906692
2796,-0.0938229936753531
2797,1.98567000632465
2798,1.19782483676866
2799,-1.47091432646268
2800,-0.0853273264626773
2801,0.610602836768661
2802,0.364858973537323
2803,0.344944836768661
2804,0.472651706324647
2805,0.471708836768661
2806,-0.299040993675353
2807,0.318040843093308
2808,0.160891673537323
2809,-0.617088163231339
2810,0.993497673537323
2811,2.18527783676866
2812,0.381625
2813,-0.431156993675353
2814,-0.610320163231339
2815,0.329582836768661
2816,1.24915783676866
2817,1.07507383676866
2818,0.455994843093308
2819,0.769285243093308
2820,0.631901643093308
2821,1.21431500632465
2822,1.10829
2823,0.0116553
2824,0.531429169555986
2825,0.178515
2826,0.121235169555986
2827,0.174731
2828,0.356206
2829,-0.690808
2830,1.01004583676866
2831,1.02231
2832,0.895258
2833,1.31822000632465
2834,3.38511216955599
2835,-0.809132163231339
2836,0.230863339111971
2837,1.75821783676866
2838,0.410932269555986
2839,-0.451186
2840,-0.351081
2841,0.956046836768661
2842,-0.393981
2843,0.0861206735373227
2844,0.264651
2845,-0.0735303264626773
2846,1.59212567353732
2847,-2.14935
2848,-0.983087830444014
2849,-0.950037830444014
2850,-1.01905216323134
2851,0.833157836768661
2852,1.09371
2853,-0.355435
2854,2.21797216955599
2855,-0.210015326462677
2856,1.91172783676866
2857,1.15986700632465
2858,1.17433317588063
2859,0.638016169555986
2860,1.03327816955599
2861,0.393700843093308
2862,0.371792836768661
2863,0.879961673537323
2864,0.981343843093308
2865,0.00323227
2866,1.22532
2867,1.31361
2868,0.607561
2869,0.617004836768661
2870,1.71059783676866
2871,0.672741836768661
2872,1.71367783676866
2873,-0.954924326462677
2874,1.41467900632465
2875,-0.869552163231339
2876,0.783583169555986
2877,-1.62282
2878,-0.438897
2879,1.77752000632465
2880,0.962457836768661
2881,0.0906408367686614
2882,1.53252
2883,0.720201836768661
2884,0.828539
2885,0.0442895
2886,1.63914
2887,0.346026
2888,0.634046836768661
2889,-0.079455
2890,-1.28451
2891,1.85834784309331
2892,0.0710934
2893,0.292859936768661
2894,1.51995783676866
2895,1.81802
2896,0.53954
2897,0.31854
2898,-0.134494
2899,-1.23629
2900,0.282202
2901,1.11320683676866
2902,1.61263584309331
2903,0.796795836768661
2904,-1.18399216323134
2905,0.346931836768661
2906,1.53036567353732
2907,1.29220467353732
2908,-0.0597631632313387
2909,1.19363783676866
2910,1.30619783676866
2911,1.18975467353732
2912,-0.00661216323133862
2913,0.936747673537323
2914,1.27185783676866
2915,1.2424
2916,1.35154
2917,-0.177169163231339
2918,0.929588836768662
2919,-1.14522
2920,-0.0394541632313386
2921,-0.715676
2922,0.257437
2923,0.389485006324647
2924,0.0899703
2925,0.395082
2926,1.44322783676866
2927,0.748168
2928,1.05607867353732
2929,2.58164000632465
2930,2.72905000632465
2931,-1.88854216323134
2932,0.364766836768661
2933,0.226236673537323
2934,-0.0584701632313386
2935,-0.255384163231339
2936,1.69264783676866
2937,-0.693342156906692
2938,-0.584702163231339
2939,0.658565836768661
2940,0.654370836768661
2941,-0.0723901632313387
2942,0.189168673537323
2943,0.947450836768661
2944,-0.0515361632313386
2945,-0.434214830444014
2946,-0.568131830444014
2947,-0.890194326462677
2948,0.231857673537323
2949,0.365501
2950,0.0969213
2951,-1.63328
2952,-0.963762163231338
2953,0.386743836768661
2954,1.19112501264929
2955,0.235633436768661
2956,-0.683207830444014
2957,-2.11042783044401
2958,1.52622567353732
2959,-0.0807999873507061
2960,0.278719843093308
2961,0.143905843093308
2962,1.29647
2963,-0.861882163231339
2964,0.306561836768661
2965,-0.838332163231339
2966,-0.448736163231339
2967,-2.52857216323134
2968,1.07889984309331
2969,-0.411715163231339
2970,0.104583536768661
2971,-1.53938999367535
2972,-0.819952163231339
2973,0.349877836768661
2974,-1.52320999367535
2975,-1.00775999367535
2976,0.464842836768661
2977,-0.305292156906692
2978,0.457379843093308
2979,0.113952136768661
2980,0.776527673537323
2981,-2.14500216323134
2982,0.116929636768661
2983,1.86322783676866
2984,2.02085567353732
2985,1.72659567353732
2986,0.849292673537323
2987,0.109058
2988,-0.854202163231339
2989,-1.21467216323134
2990,-0.494226163231339
2991,0.157158636768661
2992,-0.0184621632313386
2993,0.917628836768661
2994,1.30016500632465
2995,0.627552006324647
2996,0.808188836768661
2997,-1.43438
2998,-2.45081
2999,-0.612221
3000,-2.7467
3001,1.64978
3002,-1.01281216323134
3003,0.987810836768661
3004,1.14236867353732
3005,0.425998843093308
3006,0.117364673537323
3007,-0.283335326462677
3008,0.610286006324647
3009,0.0193228367686614
3010,-0.802249993675353
3011,-0.929952163231339
3012,0.551897836768661
3013,1.89827783676866
3014,-0.544862326462677
3015,-0.0802941569066917
3016,0.706477836768661
3017,0.736754836768661
3018,0.380409006324647
3019,-0.751879993675353
3020,-0.974632163231339
3021,0.498597836768661
3022,0.562223169555986
3023,-0.203638993675353
3024,0.342105
3025,0.124313
3026,0.134259
3027,-0.637315
3028,1.52703784309331
3029,1.23677
3030,1.48909783676866
3031,2.23204783676866
3032,-0.225699163231339
3033,0.182752006324647
3034,0.124324006324647
3035,0.563493673537323
3036,0.153491
3037,-0.479177830444014
3038,-0.997674
3039,-0.709943163231339
3040,1.14280183676866
3041,0.254813
3042,0.956813
3043,0.793218643093308
3044,-1.17131999367535
3045,0.729781
3046,-0.0472118304440144
3047,-0.778066
3048,-1.05884
3049,-1.31249
3050,0.391004373537323
3051,1.31675417588063
3052,1.23919984309331
3053,1.49605783676866
3054,0.839536836768662
3055,1.27279783676866
3056,1.02705883676866
3057,-0.472762
3058,0.458766
3059,1.20017783676866
3060,0.509510836768661
3061,0.532043
3062,-1.56609216323134
3063,1.67660216955599
3064,0.108395036768661
3065,-0.103255163231339
3066,0.921742836768661
3067,1.58333
3068,-0.147271163231339
3069,0.780476836768662
3070,1.85039000632465
3071,0.293392236768661
3072,-0.262665163231339
3073,0.704642143093308
3074,0.168051169555986
3075,0.335863373537323
3076,-0.787875163231339
3077,1.08191500632465
3078,-0.344823163231339
3079,1.11813
3080,2.64444000632465
3081,-0.274401163231339
3082,-0.00221016323133863
3083,0.429063
3084,-1.32135
3085,0.135253006324647
3086,-0.321207
3087,-0.311151
3088,-0.436508
3089,0.919139169555986
3090,-0.385662163231339
3091,-1.19782783044401
3092,0.16444
3093,1.24796
3094,0.337290836768661
3095,-1.04243
3096,1.41469783676866
3097,-2.01512
3098,-0.0855791632313387
3099,-0.350174163231339
3100,-0.430083
3101,0.653729673537323
3102,-1.01939
3103,1.39909216955599
3104,0.538236836768661
3105,-1.07515
3106,1.01097
3107,-0.316228
3108,-1.24492216323134
3109,-1.03084
3110,0.340746836768661
3111,0.0736158
3112,1.17770500632465
3113,-0.113032
3114,-0.0600718304440144
3115,-1.21634432646268
3116,-1.54413
3117,-0.364422
3118,-1.60488
3119,1.12877383676866
3120,0.815614836768661
3121,0.694137836768661
3122,1.16414083676866
3123,0.954138
3124,-0.196224
3125,-0.125452163231339
3126,-0.0455651632313386
3127,-0.930895
3128,1.32627
3129,-1.04168216323134
3130,0.233500536768661
3131,-2.74819
3132,0.73931
3133,0.661794836768661
3134,0.413291836768661
3135,0.751968169555986
3136,0.0681128367686614
3137,0.483330836768661
3138,-1.24661
3139,-0.479381
3140,-0.285315993675353
3141,0.146649673537323
3142,-0.0613091632313387
3143,0.922239169555986
3144,-1.37711999367535
3145,0.301448673537323
3146,0.585700673537323
3147,0.00921467353732275
3148,-1.91961216323134
3149,-0.67778
3150,0.135924006324647
3151,0.902400006324647
3152,-2.03921216323134
3153,0.811090006324647
3154,1.95858216955599
3155,0.745338169555986
3156,1.37759216955599
3157,1.65064567353732
3158,-0.248117824119367
3159,0.424378169555986
3160,-0.0689291569066917
3161,-0.467252156906692
3162,0.460886906324647
3163,-0.273067163231339
3164,1.03894884309331
3165,0.623779006324647
3166,0.107736
3167,-0.158507
3168,1.88005783676866
3169,1.62890567353732
3170,-0.00753495
3171,1.08462133911197
3172,0.860050175880632
3173,0.987276836768661
3174,1.87574216955599
3175,-0.537955830444014
3176,0.560848
3177,1.44058783676866
3178,1.84771783676866
3179,1.92335783676866
3180,-0.0273683264626773
3181,2.91044
3182,0.206465673537323
3183,1.01021383676866
3184,0.647639169555986
3185,-0.378382326462677
3186,-0.436304326462677
3187,-0.324494993675353
3188,-0.492781163231339
3189,0.123964
3190,-0.687733
3191,0.770469836768661
3192,1.82344
3193,1.27744783676866
3194,0.432417
3195,-0.116560163231339
3196,0.198244206768661
3197,-1.22353216323134
3198,1.01996983676866
3199,-0.674215
3200,1.68060216955599
3201,1.59368000632465
3202,-0.337493993675353
3203,-0.105726163231339
3204,-0.510839993675353
3205,1.41106600632465
3206,0.999234169555985
3207,-0.0529441632313386
3208,-1.10192
3209,0.586595836768661
3210,-1.66924
3211,-0.965996
3212,1.03664916955599
3213,1.95683
3214,1.58281
3215,0.309597836768661
3216,0.510506836768661
3217,0.46198
3218,0.644723836768661
3219,0.975775006324647
3220,0.697578
3221,2.16866216955599
3222,1.34381216955599
3223,0.813714339111971
3224,-0.637127163231339
3225,0.783757006324647
3226,-0.470604830444015
3227,0.393628836768661
3228,-0.00842299367535304
3229,0.315755359555986
3230,0.862591169555986
3231,-0.712982163231339
3232,0.576293836768661
3233,-1.10035216323134
3234,2.08728216955599
3235,-1.68205
3236,0.00185983676866136
3237,-0.399344163231339
3238,0.645454012649294
3239,-0.181694
3240,2.15908784309331
3241,2.05457784309331
3242,1.36683783676866
3243,-1.16183216323134
3244,2.42220000632465
3245,-0.300375993675353
3246,1.59806284309331
3247,-0.968262163231338
3248,1.02224783676866
3249,1.08950183676866
3250,0.337318
3251,-0.994952163231339
3252,-1.57843
3253,-0.405065
3254,-0.711357
3255,0.594907
3256,-1.11463216323134
3257,1.29585783676866
3258,0.395588683537323
3259,-0.567499993675353
3260,-0.961769993675353
3261,1.85595783676866
3262,0.731501836768661
3263,0.512886673537323
3264,0.412941836768661
3265,0.849333006324647
3266,0.301202636768661
3267,0.167680673537323
3268,-0.537871163231339
3269,0.399765
3270,0.548687673537323
3271,1.05386883676866
3272,0.343742
3273,1.99779
3274,-0.543647
3275,0.739845836768661
3276,0.525762169555986
3277,-1.56588
3278,0.831156169555986
3279,-0.677898
3280,1.04011
3281,-0.909344326462677
3282,0.476315
3283,-1.35170216323134
3284,0.123962736768661
3285,0.473110473537323
3286,0.521179836768661
3287,-0.436982163231339
3288,0.995219006324647
3289,2.11890783676866
3290,0.200805586768661
3291,1.34611783676866
3292,0.125674
3293,-0.192432
3294,0.528691
3295,1.29462267353732
3296,-0.229663
3297,-0.48437
3298,-0.205275
3299,0.428925
3300,1.55265533911197
3301,0.503207843093308
3302,2.02607783676866
3303,0.579716
3304,0.454571
3305,2.36735216955599
3306,-0.156463163231339
3307,0.791237169555986
3308,0.592825
3309,1.03234616955599
3310,0.628711006324647
3311,2.01774567353732
3312,0.411858763537323
3313,0.470791836768661
3314,0.542622673537323
3315,-0.131243830444014
3316,0.0517642
3317,0.680811673537323
3318,0.353564069555986
3319,0.745684169555986
3320,-0.673276163231339
3321,0.0580908367686614
3322,0.718401006324647
3323,2.22060783676866
3324,-0.715708163231339
3325,1.97792783676866
3326,-0.671703163231339
3327,0.307998836768661
3328,-0.760946
3329,-0.167223163231339
3330,1.90198567353732
3331,-0.166924163231339
3332,0.0651638367686614
3333,1.08072083676866
3334,1.13810484309331
3335,0.529309836768661
3336,-1.28956216323134
3337,-1.73745216323134
3338,1.25113600632465
3339,1.49239
3340,1.22548
3341,0.325144836768661
3342,-0.872714326462677
3343,1.25088816955599
3344,-1.38806
3345,-0.00154883044401444
3346,0.396336836768661
3347,-0.605530163231339
3348,1.03348784309331
3349,0.160534843093308
3350,1.47900984309331
3351,2.12120784309331
3352,-0.424692163231339
3353,-0.106412
3354,0.605365169555986
3355,0.409572175880633
3356,-1.53146432646268
3357,1.31796216955599
3358,-0.390167163231339
3359,0.764416836768661
3360,1.52266783676866
3361,1.62928783676866
3362,1.29785783676866
3363,2.37127783676866
3364,0.656211836768661
3365,0.578391836768661
3366,-0.355718
3367,0.436848836768661
3368,-0.442189163231339
3369,0.576959169555986
3370,0.346312
3371,1.21852700632465
3372,-0.442057
3373,1.52371484309331
3374,2.37107216955599
3375,1.21843900632465
3376,-0.300123830444015
3377,0.0452428367686614
3378,0.984332673537323
3379,1.1718
3380,0.470968836768661
3381,-0.417058163231339
3382,-0.604658163231339
3383,-0.171479163231339
3384,-2.05092216323134
3385,1.07082200632465
3386,-0.455457163231339
3387,-1.32060216323134
3388,0.319687836768661
3389,1.39783233911197
3390,1.22995617588063
3391,1.21761200632465
3392,1.27564916955599
3393,-0.87873
3394,0.226353336768661
3395,-0.121185163231339
3396,0.308080836768661
3397,-0.465212
3398,0.110690673537323
3399,0.645923
3400,-0.438893163231339
3401,0.142644673537323
3402,-0.281609
3403,0.704319673537323
3404,-0.376852
3405,0.821083836768661
3406,-1.29534
3407,-2.06130216323134
3408,-0.659714326462677
3409,1.73615000632465
3410,-1.23214
3411,-0.572803163231339
3412,-0.259434
3413,0.885653673537323
3414,1.14004083676866
3415,0.186476136768661
3416,1.40888500632465
3417,-1.43535216323134
3418,-0.0395141632313386
3419,1.08674183676866
3420,0.690370006324647
3421,0.959519836768661
3422,0.512691
3423,-2.39456
3424,0.195925826768661
3425,-0.0904991632313386
3426,0.475991836768661
3427,-0.524961
3428,-0.497971163231339
3429,-0.435630326462677
3430,1.30056
3431,-0.183364163231339
3432,2.11609783676866
3433,-0.205068
3434,1.23729467353732
3435,0.763999443093308
3436,0.549226
3437,0.673644836768661
3438,-0.308824163231339
3439,2.11249
3440,1.26472367353732
3441,1.22872100632465
3442,0.399501006324647
3443,0.0498531758806325
3444,-1.91161432646268
3445,-0.712265
3446,-0.947017
3447,0.089220006324647
3448,-1.81098216323134
3449,-0.0643152
3450,-1.19547216323134
3451,0.496045169555986
3452,1.08585416955599
3453,-0.829292163231339
3454,0.857592836768662
3455,1.37116783676866
3456,1.01129283676866
3457,1.86522784309331
3458,0.430271836768661
3459,1.71731216955599
3460,1.48691216955599
3461,0.234627
3462,1.19512783676866
3463,0.440318836768661
3464,1.81683216955599
3465,0.773220169555986
3466,2.01761216955599
3467,1.94494000632465
3468,0.748563006324647
3469,-0.605622830444014
3470,0.733036169555986
3471,1.75604000632465
3472,1.05099700632465
3473,-0.78538
3474,0.0195640063246469
3475,-0.363236
3476,1.30317400632465
3477,-1.10645216323134
3478,1.07674116955599
3479,-1.19091
3480,1.36685783676866
3481,-0.473086
3482,-0.366616
3483,0.14557
3484,-1.62627
3485,-0.131851
3486,0.586738169555986
3487,1.40002100632465
3488,0.438841836768661
3489,-0.65032
3490,-0.783165
3491,1.30648783676866
3492,-0.569315326462677
3493,-1.13252432646268
3494,1.33483167353732
3495,0.953289006324647
3496,0.658539006324647
3497,0.270955469555986
3498,1.44900216955599
3499,1.67001783676866
3500,-1.26401432646268
3501,2.60736783676866
3502,0.311580843093308
3503,-0.952092163231339
3504,2.03390567353732
3505,1.30311267353732
3506,1.09090183676866
3507,0.60642
3508,0.551114
3509,-0.229183
3510,-0.678638163231339
3511,-0.737424326462677
3512,-0.48541
3513,-0.313882326462677
3514,-0.323807163231339
3515,-0.249848
3516,-1.55614
3517,0.323734149555986
3518,-0.305928163231339
3519,0.0304038367686614
3520,1.56093783676866
3521,-0.106236
3522,-0.640496
3523,0.411852836768661
3524,2.29037
3525,0.0939407
3526,1.17078183676866
3527,-0.197989
3528,0.231963
3529,0.239087236768661
3530,-0.408552
3531,-0.550633326462677
3532,-1.27515216323134
3533,0.991332169555985
3534,1.13094683676866
3535,-0.112522830444014
3536,1.26022200632465
3537,-0.224364
3538,1.27086416955599
3539,-0.738155660888029
3540,1.34752017588063
3541,-1.33988
3542,0.604780836768661
3543,-1.87571
3544,0.0713458
3545,1.49488000632465
3546,1.33933216955599
3547,-0.0308911632313386
3548,-0.691979
3549,0.0535766735373228
3550,-1.33026216323134
3551,-1.09736216323134
3552,-1.49977216323134
3553,-0.506395163231339
3554,-0.544144
3555,1.41002783676866
3556,0.924969006324647
3557,-0.573756
3558,0.986777169555986
3559,1.49925216955599
3560,-0.519380163231339
3561,1.23179783676866
3562,-0.787199993675353
3563,0.199885006324647
3564,0.902255
3565,-0.319496
3566,0.126955169555986
3567,0.798379006324647
3568,0.619752836768661
3569,0.585187806324647
3570,1.14176116955599
3571,-0.638308
3572,0.00892016955598557
3573,-0.473389830444014
3574,-0.344088163231339
3575,-1.10938
3576,0.717075
3577,1.71573783676866
3578,0.580900673537323
3579,0.45886
3580,-1.48538216323134
3581,0.197536
3582,0.244458006324647
3583,1.17199783676866
3584,0.476742
3585,-0.519574
3586,1.32876600632465
3587,-0.0502421632313387
3588,0.794077836768661
3589,-0.508557163231339
3590,1.7281
3591,0.470342836768661
3592,1.31325900632465
3593,-1.19060216323134
3594,-1.19082783044401
3595,0.268613
3596,0.0228148
3597,1.00041983676866
3598,0.791483339111971
3599,1.08824033911197
3600,-1.10793566088803
3601,-0.128157660888029
3602,0.386303
3603,-0.174601830444014
3604,1.95889216955599
3605,0.646197
3606,-0.0282653
3607,0.999814
3608,1.09328967353732
3609,1.86059567353732
3610,0.0816070063246469
3611,0.724622673537323
3612,2.82006567353732
3613,0.334107836768661
3614,0.278071636768661
3615,-0.399304163231339
3616,-2.27198216323134
3617,-0.452958163231339
3618,0.289868269555986
3619,-0.408249
3620,-0.519106
3621,-0.520793163231339
3622,-0.708741
3623,0.700411836768661
3624,-1.75397216323134
3625,0.155023006324647
3626,0.685491836768661
3627,0.978392836768661
3628,0.291087
3629,0.0332967
3630,-1.44884
3631,-0.00576916323133864
3632,-0.578184830444014
3633,0.187175006324647
3634,0.143603006324647
3635,0.505737175880633
3636,-0.0288919
3637,1.35096783676866
3638,-1.89349216323134
3639,-0.0579911632313387
3640,1.58269000632465
3641,0.124899
3642,-0.930358
3643,-0.722756
3644,0.633594836768661
3645,0.138206
3646,-0.429324830444014
3647,-1.14828
3648,1.33221216955599
3649,1.31294416955599
3650,-0.0878498304440144
3651,-0.0584468
3652,1.25191783676866
3653,-0.225741326462677
3654,0.0677346735373228
3655,1.52930567353732
3656,-0.536599993675353
3657,1.30917917588063
3658,-1.25673782411937
3659,0.639287169555986
3660,2.0388
3661,-0.0870751632313387
3662,-0.547476830444014
3663,0.254914969555986
3664,0.53769
3665,1.26374000632465
3666,0.361974
3667,0.51506
3668,1.46196567353732
3669,1.23600783676866
3670,0.89242
3671,-0.443884163231339
3672,1.08647716955599
3673,-0.0687901632313387
3674,0.939986836768661
3675,2.80717783676866
3676,-1.59791216323134
3677,1.10319683676866
3678,1.96294216955599
3679,-0.000174830444014396
3680,-0.585972163231339
3681,1.16775
3682,0.455978
3683,1.80282216955599
3684,1.40799567353732
3685,-0.575017163231339
3686,-1.01792
3687,0.415448
3688,1.64993000632465
3689,0.166765836768661
3690,0.0582118367686614
3691,-0.522567163231339
3692,0.503764
3693,-0.946805
3694,1.25303
3695,1.11421883676866
3696,-0.951429
3697,0.136256
3698,1.28524516955599
3699,0.760946006324647
3700,-1.64716783044401
3701,0.690146
3702,-0.695375163231339
3703,-1.18575216323134
3704,1.95695216955599
3705,0.965847
3706,0.251807036768661
3707,-0.113702163231339
3708,1.40286783676866
3709,0.969462
3710,-0.673442
3711,0.723938
3712,-0.260121
3713,1.80906783676866
3714,0.906518836768661
3715,1.20070983676866
3716,1.96552783676866
3717,0.402078836768661
3718,-1.26244
3719,-0.233805
3720,-0.897484
3721,1.69179783676866
3722,0.199309856768661
3723,0.614162836768661
3724,0.714269
3725,2.6245
3726,0.863559836768662
3727,2.16230567353732
3728,-0.843092163231339
3729,0.814642673537323
3730,-0.461373163231339
3731,-0.199049993675353
3732,1.20602767353732
3733,1.58693783676866
3734,0.0612508367686614
3735,-2.02941216323134
3736,-2.2455
3737,0.707604836768661
3738,0.212790673537323
3739,-0.184495163231339
3740,0.133642006324647
3741,1.38838783676866
3742,1.29998783676866
3743,1.29201067353732
3744,0.484136836768661
3745,1.24057
3746,1.57131
3747,3.12517783676866
3748,0.333265073537323
3749,-0.197367
3750,1.69335
3751,0.381652
3752,-1.81816
3753,0.302923969555986
3754,0.837079673537323
3755,0.476872836768661
3756,-1.31851216323134
3757,0.235582536768661
3758,0.919795673537323
3759,-0.273843163231339
3760,1.71082567353732
3761,-1.09879216323134
3762,0.0144828367686614
3763,-1.0549
3764,0.456719
3765,-1.33266
3766,-0.751554326462677
3767,-0.698610163231339
3768,1.41466783676866
3769,-0.162995163231339
3770,0.858778836768661
3771,-0.186867660888029
3772,0.671783
3773,1.22790500632465
3774,0.394446
3775,0.166247
3776,-1.34039999367535
3777,-0.770489993675353
3778,1.55125567353732
3779,-1.02384
3780,0.661163
3781,-0.0309854
3782,-0.550327
3783,-0.0274181632313386
3784,-1.14182432646268
3785,1.50491400632465
3786,0.976974169555986
3787,-0.730574
3788,1.96960433911197
3789,0.779870836768661
3790,-0.793946
3791,0.159215
3792,0.652284169555986
3793,-1.49653783044401
3794,0.960929006324647
3795,0.696426
3796,-0.394313
3797,-1.26074432646268
3798,-1.69801432646268
3799,-0.692287163231339
3800,1.79992567353732
3801,0.0345596
3802,-0.368228
3803,0.849471006324647
3804,0.716015169555986
3805,-0.989982
3806,0.502093836768661
3807,1.54741216955599
3808,-0.934732163231339
3809,-1.33263
3810,-1.64233
3811,-0.992632163231339
3812,1.64169484309331
3813,0.0245088367686614
3814,-1.06894783044401
3815,0.801584836768661
3816,2.08698783676866
3817,-1.43583
3818,-1.19246
3819,0.132298673537323
3820,-0.398651830444014
3821,-0.319355163231339
3822,0.288527
3823,0.293220269555986
3824,0.139490169555986
3825,1.64637216955599
3826,-0.509131163231339
3827,-0.552712
3828,0.0725169
3829,1.36931100632465
3830,0.307836
3831,-1.82755
3832,0.0335218367686614
3833,0.195196169555986
3834,1.04614
3835,-0.143254326462677
3836,-0.98057
3837,0.687604
3838,0.689935439111971
3839,0.712564836768661
3840,0.459725
3841,0.0706126735373228
3842,-0.211888
3843,0.597165843093308
3844,0.528997836768661
3845,0.919111
3846,1.99856216955599
3847,2.02992
3848,-0.219673
3849,1.33119216955599
3850,1.23248616955599
3851,1.79654216955599
3852,0.697583006324647
3853,0.74129
3854,0.418910836768661
3855,0.838517505880633
3856,1.81814783676866
3857,0.183457436768661
3858,-0.226311830444014
3859,-0.127202830444014
3860,0.802448
3861,-0.920759993675353
3862,0.679062
3863,0.0258378367686614
3864,1.30545616955599
3865,1.29788000632465
3866,1.73585000632465
3867,0.215934236768661
3868,-0.827539993675353
3869,-1.62446
3870,-0.527970830444014
3871,-0.538523163231339
3872,-0.385629
3873,-0.223896993675353
3874,1.65612884309331
3875,1.56089783676866
3876,-0.503493163231339
3877,0.262854236768661
3878,-0.650299993675353
3879,0.0392636735373227
3880,0.509197
3881,-0.228155
3882,0.650490836768661
3883,-1.39612216323134
3884,-0.255080326462677
3885,-0.393241993675353
3886,0.426530169555986
3887,1.01447300632465
3888,1.71541216955599
3889,0.536416169555986
3890,0.978545836768661
3891,0.128067673537323
3892,-1.1849
3893,0.869533
3894,0.00361699
3895,-0.109295163231339
3896,-0.241449
3897,1.16096
3898,0.213390006324647
3899,-0.410953163231339
3900,-1.65538
3901,0.353090836768661
3902,-0.931089993675353
3903,-0.533127163231339
3904,1.86086783676866
3905,0.563905806324647
3906,1.04253400632465
3907,1.18942
3908,0.822177169555986
3909,0.713392006324647
3910,0.0145908367686614
3911,0.0152591
3912,-1.56890216323134
3913,0.266343
3914,0.609281836768661
3915,-0.0207181
3916,-0.227873
3917,-0.452072163231339
